Workbook

Sheet README
A1: SA.TECH Field Voice — sample tables (DUN parcels + multilingual voice field log)
A2: All data is FICTIONAL sample data for the hackathon demo. SIGPAC codes, people and registration numbers are invented.
A4: Tabs
A5: Parcels_DUN — master list of parcels as declared in the annual DUN (SIGPAC-based). One row per SIGPAC recinte. Filled once per farm, not by voice.
A6: Field_Log — one row per activity captured from a Telegram voice note. Declaration fields are stored in BOTH Catalan (_ca) and English (_en); the farmer's own words stay in transcript_original.
A7: Vocabulary — controlled terms (activities, crops, pests) in EN / CA / ES / RU. Field_Log translates by lookup on the *_key columns, not by LLM, so declaration terms are deterministic.
A8: UI_Strings — card labels and bot messages in EN / CA / ES / RU, used to reply in the farmer's language. Placeholders like {n}, {field} are filled in by code. No farmer-facing text is hardcoded in Python — add new keys here and re-seed.
A9: Seeding: app/seed.py loads Parcels_DUN, Vocabulary and UI_Strings only. The Field_Log and Corrections rows in this workbook are format examples and are never imported; both tables start empty. Field_Log column names match the Record schema; lookup/formula columns (sigpac_ref, *_ca, *_en, dose_per_ha, reply_lang) are for humans and are skipped by the loader.
A10: Corrections — every farmer edit and agronomist correction (before → after + reason). The last N rows become few-shot examples for the extractor and judge.
A12: Language rules
A13: Input: farmer may speak EN, RU, CA or ES. Gemma returns lang (ISO 639-1). The bot replies (card + voice) in that language: reply_lang = lang.
A14: Declaration: controlled fields (crop, activity, target_pest) via Vocabulary lookup → _ca and _en. Free text (notes) translated by Gemma into notes_ca and notes_en.
... A39: CUE scope — MAPA: https://www.mapa.gob.es/dam/mapa/contenido/reforma-de-la-pac/postura-espanola/informacion-sobre-cuaderno-digital.pdf

Sheet Parcels_DUN
A1: parcel_alias | B1: spoken_names | C1: campaign | D1: explotacio_id | E1: sigpac_prov | F1: sigpac_mun | G1: sigpac_agregat | H1: sigpac_zona | I1: sigpac_poligon | J1: sigpac_parcela | K1: sigpac_recinte | L1: sigpac_ref | M1: sigpac_use | N1: crop_key | O1: crop_ca | P1: crop_en | Q1: variety | R1: area_ha | S1: irrigation | T1: tenure | U1: eco_scheme
A2: P1 | B2: parcel·la 1; el préssec; parcela uno; first parcel; первый участок | C2: 2026 | D2: EXP-25-0001 | E2: 25 | F2: 120 | G2: 0 | H2: 0 | I2: 7 | J2: 45 | K2: 1 | L2: =E2&"-"&F2&"-"&G2&"-"&H2&"-"&I2&"-"&J2&"-"&K2 | M2: FY | N2: peach | O2: =IFERROR(INDEX(Vocabulary!$D$2:$D$19,MATCH(N2,Vocabulary!$A$2:$A$19,0)),"") | P2: =IFERROR(INDEX(Vocabulary!$C$2:$C$19,MATCH(N2,Vocabulary!$A$2:$A$19,0)),"") | Q2: Big Top | R2: 2.4 | S2: regadiu | T2: propietat | U2: yes
A3: P2 | B3: parcel·la 2; les pomeres; Gala block; второй участок; яблони | C3: 2026 | D3: EXP-25-0001 | E3: 25 | F3: 120 | G3: 0 | H3: 0 | I3: 7 | J3: 46 | K3: 2 | L3: =E3&"-"&F3&"-"&G3&"-"&H3&"-"&I3&"-"&J3&"-"&K3 | M3: FY | N3: apple | O3: =IFERROR(INDEX(Vocabulary!$D$2:$D$19,MATCH(N3,Vocabulary!$A$2:$A$19,0)),"") | P3: =IFERROR(INDEX(Vocabulary!$C$2:$C$19,MATCH(N3,Vocabulary!$A$2:$A$19,0)),"") | Q3: Gala | R3: 1.8 | S3: regadiu | T3: arrendament | U3: no
A4: P3 | B4: parcel·la 3; les peres; третий участок; груши | C4: 2026 | D4: EXP-25-0001 | E4: 25 | F4: 120 | G4: 0 | H4: 0 | I4: 8 | J4: 12 | K4: 1 | L4: =E4&"-"&F4&"-"&G4&"-"&H4&"-"&I4&"-"&J4&"-"&K4 | M4: FY | N4: pear | O4: =IFERROR(INDEX(Vocabulary!$D$2:$D$19,MATCH(N4,Vocabulary!$A$2:$A$19,0)),"") | P4: =IFERROR(INDEX(Vocabulary!$C$2:$C$19,MATCH(N4,Vocabulary!$A$2:$A$19,0)),"") | Q4: Conference | R4: 2 | S4: regadiu | T4: propietat | U4: yes
A5: P4 | B5: l'olivar; el olivar; olive grove; оливы | C5: 2026 | D5: EXP-25-0001 | E5: 25 | F5: 233 | G5: 0 | H5: 0 | I5: 3 | J5: 101 | K5: 1 | L5: =E5&"-"&F5&"-"&G5&"-"&H5&"-"&I5&"-"&J5&"-"&K5 | M5: OV | N5: olive | O5: =IFERROR(INDEX(Vocabulary!$D$2:$D$19,MATCH(N5,Vocabulary!$A$2:$A$19,0)),"") | P5: =IFERROR(INDEX(Vocabulary!$C$2:$C$19,MATCH(N5,Vocabulary!$A$2:$A$19,0)),"") | Q5: Arbequina | R5: 3.5 | S5: secà | T5: propietat | U5: yes
A6: P5 | B6: els ametllers; los almendros; almonds; миндаль | C6: 2026 | D6: EXP-25-0001 | E6: 25 | F6: 233 | G6: 0 | H6: 0 | I6: 3 | J6: 102 | K6: 1 | L6: =E6&"-"&F6&"-"&G6&"-"&H6&"-"&I6&"-"&J6&"-"&K6 | M6: FS | N6: almond | O6: =IFERROR(INDEX(Vocabulary!$D$2:$D$19,MATCH(N6,Vocabulary!$A$2:$A$19,0)),"") | P6: =IFERROR(INDEX(Vocabulary!$C$2:$C$19,MATCH(N6,Vocabulary!$A$2:$A$19,0)),"") | Q6: Vairo | R6: 4.2 | S6: secà | T6: arrendament | U6: no

Sheet Field_Log
A1: record_id | B1: date | C1: farmer_chat_id | D1: farmer_name | E1: lang | F1: reply_lang | G1: parcel_alias | H1: sigpac_ref | I1: crop_ca | J1: crop_en | K1: crop_spoken | L1: activity_key | M1: activity_ca | N1: activity_en | O1: product | P1: reg_number | Q1: target_pest_key | R1: target_pest_ca | S1: target_pest_en | T1: quantity | U1: unit | V1: area_ha | W1: dose_per_ha (unit/ha) | X1: applicator_ropo | Y1: equipment_roma | Z1: notes_ca | AA1: notes_en | AB1: transcript_original | AC1: confidence | AD1: status | AE1: judge_score | AF1: judge_reason | AG1: confirmed_by | AH1: corrected_by
A2: R0001 | B2: 46315 | C2: 1001 | D2: Joan | E2: ca | F2: =E2 | G2: P3 | H2: =IF(G2="","",IFERROR(INDEX(Parcels_DUN!$L$2:$L$100,MATCH(G2,Parcels_DUN!$A$2:$A$100,0)),"UNKNOWN PARCEL")) | I2: =IF(G2="","",IFERROR(INDEX(Parcels_DUN!$O$2:$O$100,MATCH(G2,Parcels_DUN!$A$2:$A$100,0)),"UNKNOWN PARCEL")) | J2: =IF(G2="","",IFERROR(INDEX(Parcels_DUN!$P$2:$P$100,MATCH(G2,Parcels_DUN!$A$2:$A$100,0)),"UNKNOWN PARCEL")) | K2: peres | L2: treatment | M2: =IF(L2="","",IFERROR(INDEX(Vocabulary!$D$2:$D$19,MATCH(L2,Vocabulary!$A$2:$A$19,0)),"UNKNOWN")) | N2: =IF(L2="","",IFERROR(INDEX(Vocabulary!$C$2:$C$19,MATCH(L2,Vocabulary!$A$2:$A$19,0)),"UNKNOWN")) | O2: Oxicloruro de cobre 50% WP | P2: ES-00000 (sample) | Q2: bacterial_canker | R2: =IF(Q2="","",IFERROR(INDEX(Vocabulary!$D$2:$D$19,MATCH(Q2,Vocabulary!$A$2:$A$19,0)),"UNKNOWN")) | S2: =IF(Q2="","",IFERROR(INDEX(Vocabulary!$C$2:$C$19,MATCH(Q2,Vocabulary!$A$2:$A$19,0)),"UNKNOWN")) | T2: 4 | U2: kg | V2: 2 | W2: =IF(AND(ISNUMBER(T2),ISNUMBER(V2)),IF(V2>0,T2/V2,""),"") | X2: ROPO-0001 (sample) | Y2: Atomitzador ROMA-0001 (sample) | Z2: Coure post-collita | AA2: Post-harvest copper | AB2: Ahir vaig tirar coure a la parcel·la 3, quatre quilos per les dues hectàrees. | AC2: 0.9 | AD2: auto_approved | AE2: 0.92 | AF2: Dose within usual range; Gemma and Scribe agree. | AG2: farmer
A3: R0002 | B3: 46315 | C3: 1001 | D3: Joan | E3: ca | F3: =E3 | G3: P1 | H3: =IF(G3="","",IFERROR(INDEX(Parcels_DUN!$L$2:$L$100,MATCH(G3,Parcels_DUN!$A$2:$A$100,0)),"UNKNOWN PARCEL")) | I3: =IF(G3="","",IFERROR(INDEX(Parcels_DUN!$O$2:$O$100,MATCH(G3,Parcels_DUN!$A$2:$A$100,0)),"UNKNOWN PARCEL")) | J3: =IF(G3="","",IFERROR(INDEX(Parcels_DUN!$P$2:$P$100,MATCH(G3,Parcels_DUN!$A$2:$A$100,0)),"UNKNOWN PARCEL")) | K3: préssec | L3: fertilization | M3: =IF(L3="","",IFERROR(INDEX(Vocabulary!$D$2:$D$19,MATCH(L3,Vocabulary!$A$2:$A$19,0)),"UNKNOWN")) | N3: =IF(L3="","",IFERROR(INDEX(Vocabulary!$C$2:$C$19,MATCH(L3,Vocabulary!$A$2:$A$19,0)),"UNKNOWN")) | O3: Fem (manure) | R3: =IF(Q3="","",IFERROR(INDEX(Vocabulary!$D$2:$D$19,MATCH(Q3,Vocabulary!$A$2:$A$19,0)),"UNKNOWN")) | S3: =IF(Q3="","",IFERROR(INDEX(Vocabulary!$C$2:$C$19,MATCH(Q3,Vocabulary!$A$2:$A$19,0)),"UNKNOWN")) | T3: 10 | U3: t | V3: 2.4 | W3: =IF(AND(ISNUMBER(T3),ISNUMBER(V3)),IF(V3>0,T3/V3,""),"") | Z3: Fem de vaca | AA3: Cow manure | AB3: He escampat deu tones de fem al préssec. | AC3: 0.9 | AD3: auto_approved | AE3: 0.88 | AF3: Plausible for season and area. | AG3: farmer | AH3: farmer
A4: R0003 | B4: 46316 | C4: 1002 | D4: María | E4: es | F4: =E4 | G4: P4 | H4: =IF(G4="","",IFERROR(INDEX(Parcels_DUN!$L$2:$L$100,MATCH(G4,Parcels_DUN!$A$2:$A$100,0)),"UNKNOWN PARCEL")) | I4: =IF(G4="","",IFERROR(INDEX(Parcels_DUN!$O$2:$O$100,MATCH(G4,Parcels_DUN!$A$2:$A$100,0)),"UNKNOWN PARCEL")) | J4: =IF(G4="","",IFERROR(INDEX(Parcels_DUN!$P$2:$P$100,MATCH(G4,Parcels_DUN!$A$2:$A$100,0)),"UNKNOWN PARCEL")) | K4: aceituna | L4: harvest | M4: =IF(L4="","",IFERROR(INDEX(Vocabulary!$D$2:$D$19,MATCH(L4,Vocabulary!$A$2:$A$19,0)),"UNKNOWN")) | N4: =IF(L4="","",IFERROR(INDEX(Vocabulary!$C$2:$C$19,MATCH(L4,Vocabulary!$A$2:$A$19,0)),"UNKNOWN")) | R4: =IF(Q4="","",IFERROR(INDEX(Vocabulary!$D$2:$D$19,MATCH(Q4,Vocabulary!$A$2:$A$19,0)),"UNKNOWN")) | S4: =IF(Q4="","",IFERROR(INDEX(Vocabulary!$C$2:$C$19,MATCH(Q4,Vocabulary!$A$2:$A$19,0)),"UNKNOWN")) | T4: 6500 | U4: kg | V4: 3.5 | W4: =IF(AND(ISNUMBER(T4),ISNUMBER(V4)),IF(V4>0,T4/V4,""),"") | Z4: Arbequina, primera passada | AA4: Arbequina, first pass | AB4: Hoy hemos cosechado seis mil quinientos kilos de aceituna en el olivar. | AC4: 0.9 | AD4: auto_approved | AE4: 0.9 | AF4: Yield per ha plausible for Arbequina in secano. | AG4: farmer
A5: R0004 | B5: 46316 | C5: 1002 | D5: María | E5: es | F5: =E5 | G5: P5 | H5: =IF(G5="","",IFERROR(INDEX(Parcels_DUN!$L$2:$L$100,MATCH(G5,Parcels_DUN!$A$2:$A$100,0)),"UNKNOWN PARCEL")) | I5: =IF(G5="","",IFERROR(INDEX(Parcels_DUN!$O$2:$O$100,MATCH(G5,Parcels_DUN!$A$2:$A$100,0)),"UNKNOWN PARCEL")) | J5: =IF(G5="","",IFERROR(INDEX(Parcels_DUN!$P$2:$P$100,MATCH(G5,Parcels_DUN!$A$2:$A$100,0)),"UNKNOWN PARCEL")) | K5: almendros | L5: treatment | M5: =IF(L5="","",IFERROR(INDEX(Vocabulary!$D$2:$D$19,MATCH(L5,Vocabulary!$A$2:$A$19,0)),"UNKNOWN")) | N5: =IF(L5="","",IFERROR(INDEX(Vocabulary!$C$2:$C$19,MATCH(L5,Vocabulary!$A$2:$A$19,0)),"UNKNOWN")) | O5: Oxicloruro de cobre 50% WP | P5: ES-00000 (sample) | Q5: fungal_general | R5: =IF(Q5="","",IFERROR(INDEX(Vocabulary!$D$2:$D$19,MATCH(Q5,Vocabulary!$A$2:$A$19,0)),"UNKNOWN")) | S5: =IF(Q5="","",IFERROR(INDEX(Vocabulary!$C$2:$C$19,MATCH(Q5,Vocabulary!$A$2:$A$19,0)),"UNKNOWN")) | T5: 14 | U5: kg | V5: 4.2 | W5: =IF(AND(ISNUMBER(T5),ISNUMBER(V5)),IF(V5>0,T5/V5,""),"") | X5: ROPO-0002 (sample) | Y5: Atomizador ROMA-0002 (sample) | Z5: Quantitat corregida 40→14 | AA5: Quantity corrected 40→14 | AB5: Catorce kilos de cobre en los almendros, toda la parcela. | AC5: 0.6 | AD5: corrected | AE5: 0.41 | AF5: Gemma heard 40, Scribe heard 14 → 9.5 kg/ha too high. Sent to agronomist. | AG5: farmer | AH5: agronomist
A6: R0005 | B6: 46317 | C6: 1003 | D6: Tom | E6: en | F6: =E6 | G6: P2 | H6: =IF(G6="","",IFERROR(INDEX(Parcels_DUN!$L$2:$L$100,MATCH(G6,Parcels_DUN!$A$2:$A$100,0)),"UNKNOWN PARCEL")) | I6: =IF(G6="","",IFERROR(INDEX(Parcels_DUN!$O$2:$O$100,MATCH(G6,Parcels_DUN!$A$2:$A$100,0)),"UNKNOWN PARCEL")) | J6: =IF(G6="","",IFERROR(INDEX(Parcels_DUN!$P$2:$P$100,MATCH(G6,Parcels_DUN!$A$2:$A$100,0)),"UNKNOWN PARCEL")) | K6: Gala apples | L6: irrigation | M6: =IF(L6="","",IFERROR(INDEX(Vocabulary!$D$2:$D$19,MATCH(L6,Vocabulary!$A$2:$A$19,0)),"UNKNOWN")) | N6: =IF(L6="","",IFERROR(INDEX(Vocabulary!$C$2:$C$19,MATCH(L6,Vocabulary!$A$2:$A$19,0)),"UNKNOWN")) | R6: =IF(Q6="","",IFERROR(INDEX(Vocabulary!$D$2:$D$19,MATCH(Q6,Vocabulary!$A$2:$A$19,0)),"UNKNOWN")) | S6: =IF(Q6="","",IFERROR(INDEX(Vocabulary!$C$2:$C$19,MATCH(Q6,Vocabulary!$A$2:$A$19,0)),"UNKNOWN")) | T6: 120 | U6: m3 | V6: 1.8 | W6: =IF(AND(ISNUMBER(T6),ISNUMBER(V6)),IF(V6>0,T6/V6,""),"") | Z6: Reg per degoteig | AA6: Drip irrigation | AB6: Watered the Gala block today, about 120 cubic metres. | AC6: 0.9 | AD6: auto_approved | AE6: 0.86 | AF6: Volume plausible for drip irrigation. | AG6: farmer
A7: R0006 | B7: 46317 | C7: 1001 | D7: Joan | E7: ca | F7: =E7 | G7: P3 | H7: =IF(G7="","",IFERROR(INDEX(Parcels_DUN!$L$2:$L$100,MATCH(G7,Parcels_DUN!$A$2:$A$100,0)),"UNKNOWN PARCEL")) | I7: =IF(G7="","",IFERROR(INDEX(Parcels_DUN!$O$2:$O$100,MATCH(G7,Parcels_DUN!$A$2:$A$100,0)),"UNKNOWN PARCEL")) | J7: =IF(G7="","",IFERROR(INDEX(Parcels_DUN!$P$2:$P$100,MATCH(G7,Parcels_DUN!$A$2:$A$100,0)),"UNKNOWN PARCEL")) | K7: peres | L7: labour | M7: =IF(L7="","",IFERROR(INDEX(Vocabulary!$D$2:$D$19,MATCH(L7,Vocabulary!$A$2:$A$19,0)),"UNKNOWN")) | N7: =IF(L7="","",IFERROR(INDEX(Vocabulary!$C$2:$C$19,MATCH(L7,Vocabulary!$A$2:$A$19,0)),"UNKNOWN")) | R7: =IF(Q7="","",IFERROR(INDEX(Vocabulary!$D$2:$D$19,MATCH(Q7,Vocabulary!$A$2:$A$19,0)),"UNKNOWN")) | S7: =IF(Q7="","",IFERROR(INDEX(Vocabulary!$C$2:$C$19,MATCH(Q7,Vocabulary!$A$2:$A$19,0)),"UNKNOWN")) | V7: 2 | W7: =IF(AND(ISNUMBER(T7),ISNUMBER(V7)),IF(V7>0,T7/V7,""),"") | Z7: Inici de la poda | AA7: Pruning started | AB7: Hem començat a podar les peres. | AC7: 0.9 | AD7: farmer_confirmed | AG7: farmer
A8: R0007 | B8: 46318 | C8: 1002 | D8: María | E8: es | F8: =E8 | G8: P1 | H8: =IF(G8="","",IFERROR(INDEX(Parcels_DUN!$L$2:$L$100,MATCH(G8,Parcels_DUN!$A$2:$A$100,0)),"UNKNOWN PARCEL")) | I8: =IF(G8="","",IFERROR(INDEX(Parcels_DUN!$O$2:$O$100,MATCH(G8,Parcels_DUN!$A$2:$A$100,0)),"UNKNOWN PARCEL")) | J8: =IF(G8="","",IFERROR(INDEX(Parcels_DUN!$P$2:$P$100,MATCH(G8,Parcels_DUN!$A$2:$A$100,0)),"UNKNOWN PARCEL")) | K8: manzanos | L8: treatment | M8: =IF(L8="","",IFERROR(INDEX(Vocabulary!$D$2:$D$19,MATCH(L8,Vocabulary!$A$2:$A$19,0)),"UNKNOWN")) | N8: =IF(L8="","",IFERROR(INDEX(Vocabulary!$C$2:$C$19,MATCH(L8,Vocabulary!$A$2:$A$19,0)),"UNKNOWN")) | O8: Azufre mojable 80% WG | P8: ES-00000 (sample) | Q8: powdery_mildew | R8: =IF(Q8="","",IFERROR(INDEX(Vocabulary!$D$2:$D$19,MATCH(Q8,Vocabulary!$A$2:$A$19,0)),"UNKNOWN")) | S8: =IF(Q8="","",IFERROR(INDEX(Vocabulary!$C$2:$C$19,MATCH(Q8,Vocabulary!$A$2:$A$19,0)),"UNKNOWN")) | T8: 3 | U8: kg | V8: 2.4 | W8: =IF(AND(ISNUMBER(T8),ISNUMBER(V8)),IF(V8>0,T8/V8,""),"") | X8: ROPO-0002 (sample) | Y8: Atomizador ROMA-0002 (sample) | Z8: Cultiu no coincideix amb la DUN | AA8: Crop does not match DUN | AB8: Tratamiento con azufre en los manzanos de la parcela uno, tres kilos. | AC8: 0.9 | AD8: needs_review | AE8: 0.55 | AF8: P1 declared as peach in DUN, farmer said apple trees. Check parcel or crop. | AG8: farmer
A9: R0008 | B9: 46318 | C9: 1004 | D9: Ivan | E9: ru | F9: =E9 | G9: P2 | H9: =IF(G9="","",IFERROR(INDEX(Parcels_DUN!$L$2:$L$100,MATCH(G9,Parcels_DUN!$A$2:$A$100,0)),"UNKNOWN PARCEL")) | I9: =IF(G9="","",IFERROR(INDEX(Parcels_DUN!$O$2:$O$100,MATCH(G9,Parcels_DUN!$A$2:$A$100,0)),"UNKNOWN PARCEL")) | J9: =IF(G9="","",IFERROR(INDEX(Parcels_DUN!$P$2:$P$100,MATCH(G9,Parcels_DUN!$A$2:$A$100,0)),"UNKNOWN PARCEL")) | K9: яблони | L9: fertilization | M9: =IF(L9="","",IFERROR(INDEX(Vocabulary!$D$2:$D$19,MATCH(L9,Vocabulary!$A$2:$A$19,0)),"UNKNOWN")) | N9: =IF(L9="","",IFERROR(INDEX(Vocabulary!$C$2:$C$19,MATCH(L9,Vocabulary!$A$2:$A$19,0)),"UNKNOWN")) | O9: NPK 15-15-15 | R9: =IF(Q9="","",IFERROR(INDEX(Vocabulary!$D$2:$D$19,MATCH(Q9,Vocabulary!$A$2:$A$19,0)),"UNKNOWN")) | S9: =IF(Q9="","",IFERROR(INDEX(Vocabulary!$C$2:$C$19,MATCH(Q9,Vocabulary!$A$2:$A$19,0)),"UNKNOWN")) | T9: 150 | U9: kg | V9: 1.8 | W9: =IF(AND(ISNUMBER(T9),ISNUMBER(V9)),IF(V9>0,T9/V9,""),"") | Z9: Adob complex granulat | AA9: Granular compound fertiliser | AB9: Сегодня внёс сто пятьдесят килограммов NPK пятнадцать-пятнадцать-пятнадцать под яблони на втором участке. | AC9: 0.9 | AD9: auto_approved | AE9: 0.87 | AF9: 83 kg/ha plausible for apple orchard. | AG9: farmer
A10: R0009 | B10: 46319 | C10: 1004 | D10: Ivan | E10: ru | F10: =E10 | G10: P3 | H10: =IF(G10="","",IFERROR(INDEX(Parcels_DUN!$L$2:$L$100,MATCH(G10,Parcels_DUN!$A$2:$A$100,0)),"UNKNOWN PARCEL")) | I10: =IF(G10="","",IFERROR(INDEX(Parcels_DUN!$O$2:$O$100,MATCH(G10,Parcels_DUN!$A$2:$A$100,0)),"UNKNOWN PARCEL")) | J10: =IF(G10="","",IFERROR(INDEX(Parcels_DUN!$P$2:$P$100,MATCH(G10,Parcels_DUN!$A$2:$A$100,0)),"UNKNOWN PARCEL")) | K10: груши | L10: treatment | M10: =IF(L10="","",IFERROR(INDEX(Vocabulary!$D$2:$D$19,MATCH(L10,Vocabulary!$A$2:$A$19,0)),"UNKNOWN")) | N10: =IF(L10="","",IFERROR(INDEX(Vocabulary!$C$2:$C$19,MATCH(L10,Vocabulary!$A$2:$A$19,0)),"UNKNOWN")) | O10: Oxicloruro de cobre 50% WP | P10: ES-00000 (sample) | Q10: unknown | R10: =IF(Q10="","",IFERROR(INDEX(Vocabulary!$D$2:$D$19,MATCH(Q10,Vocabulary!$A$2:$A$19,0)),"UNKNOWN")) | S10: =IF(Q10="","",IFERROR(INDEX(Vocabulary!$C$2:$C$19,MATCH(Q10,Vocabulary!$A$2:$A$19,0)),"UNKNOWN")) | T10: 4 | U10: kg | V10: 2 | W10: =IF(AND(ISNUMBER(T10),ISNUMBER(V10)),IF(V10>0,T10/V10,""),"") | X10: ROPO-0003 (sample) | Y10: Atomitzador ROMA-0001 (sample) | Z10: Plaga no reconeguda: 'чёрные пятна на листьях' (taques negres a les fulles) | AA10: Pest not in vocabulary: 'чёрные пятна на листьях' (black spots on leaves) | AB10: Обработал груши медью на третьем участке, четыре кило, от чёрных пятен на листьях. | AC10: 0.7 | AD10: needs_review | AE10: 0.62 | AF10: Target pest not in Vocabulary → agronomist must assign a pest key. | AG10: farmer
A11: R0010 | B11: 46319 | C11: 1003 | D11: Tom | E11: en | F11: =E11 | H11: =IF(G11="","",IFERROR(INDEX(Parcels_DUN!$L$2:$L$100,MATCH(G11,Parcels_DUN!$A$2:$A$100,0)),"UNKNOWN PARCEL")) | I11: =IF(G11="","",IFERROR(INDEX(Parcels_DUN!$O$2:$O$100,MATCH(G11,Parcels_DUN!$A$2:$A$100,0)),"UNKNOWN PARCEL")) | J11: =IF(G11="","",IFERROR(INDEX(Parcels_DUN!$P$2:$P$100,MATCH(G11,Parcels_DUN!$A$2:$A$100,0)),"UNKNOWN PARCEL")) | L11: other | M11: =IF(L11="","",IFERROR(INDEX(Vocabulary!$D$2:$D$19,MATCH(L11,Vocabulary!$A$2:$A$19,0)),"UNKNOWN")) | N11: =IF(L11="","",IFERROR(INDEX(Vocabulary!$C$2:$C$19,MATCH(L11,Vocabulary!$A$2:$A$19,0)),"UNKNOWN")) | R11: =IF(Q11="","",IFERROR(INDEX(Vocabulary!$D$2:$D$19,MATCH(Q11,Vocabulary!$A$2:$A$19,0)),"UNKNOWN")) | S11: =IF(Q11="","",IFERROR(INDEX(Vocabulary!$C$2:$C$19,MATCH(Q11,Vocabulary!$A$2:$A$19,0)),"UNKNOWN")) | W11: =IF(AND(ISNUMBER(T11),ISNUMBER(V11)),IF(V11>0,T11/V11,""),"") | Z11: Missatge de prova | AA11: Test message | AB11: Test, test, is this working? | AC11: 0.3 | AD11: discarded | AF11: No farm activity detected.

Sheet Corrections
A1: record_id | B1: field | C1: before | D1: after | E1: reason | F1: reason_lang | G1: corrected_by | H1: timestamp | I1: used_as_fewshot
A2: R0002 | B2: unit | C2: kg | D2: t | E2: Farmer edit on card: said 'deu tones' (ten tonnes), extractor wrote kg. | F2: en | G2: farmer | H2: 46315.758 | I2: yes
A3: R0004 | B3: quantity | C3: 40 | D3: 14 | E3: Farmer said 'catorce' (14). 40 kg on 4.2 ha ≈ 9.5 kg/ha, above usual copper range for almond. Scribe transcript confirms 14. | F3: en | G3: agronomist | H3: 46316.819 | I3: yes

Sheet Vocabulary
A1: key | B1: type | C1: en | D1: ca | E1: es | F1: ru
A2: treatment | B2: activity | C2: Phytosanitary treatment | D2: Tractament fitosanitari | E2: Tratamiento fitosanitario | F2: Обработка СЗР
A3: fertilization | B3: activity | C3: Fertilisation | D3: Fertilització | E3: Fertilización | F3: Внесение удобрений
A4: irrigation | B4: activity | C4: Irrigation | D4: Reg | E4: Riego | F4: Полив
A5: harvest | B5: activity | C5: Harvest | D5: Collita | E5: Cosecha | F5: Сбор урожая
A6: labour | B6: activity | C6: Cultural work | D6: Labors culturals | E6: Labores culturales | F6: Полевые работы
A7: sowing | B7: activity | C7: Sowing / planting | D7: Sembra / plantació | E7: Siembra / plantación | F7: Посев / посадка
A8: other | B8: activity | C8: Other | D8: Altres | E8: Otros | F8: Другое
A9: peach | B9: crop | C9: Peach | D9: Presseguer | E9: Melocotonero | F9: Персик
A10: apple | B10: crop | C10: Apple | D10: Pomera | E10: Manzano | F10: Яблоня
A11: pear | B11: crop | C11: Pear | D11: Perera | E11: Peral | F11: Груша
A12: olive | B12: crop | C12: Olive | D12: Olivera | E12: Olivo | F12: Олива
... A17: fungal_general | B17: pest | C17: Fungal diseases (general) | D17: Malalties fúngiques | E17: Enfermedades fúngicas | F17: Грибковые болезни
A18: none | B18: pest
A19: unknown | B19: any | C19: UNKNOWN — review | D19: DESCONEGUT — revisar | E19: DESCONOCIDO — revisar | F19: НЕИЗВЕСТНО — проверить

Sheet UI_Strings
A1: key | B1: en | C1: ca | D1: es | E1: ru
A2: card_title | B2: New record | C2: Nou registre | D2: Nuevo registro | E2: Новая запись
A3: date | B3: Date | C3: Data | D3: Fecha | E3: Дата
A4: parcel | B4: Parcel | C4: Parcel·la | D4: Parcela | E4: Участок
A5: crop | B5: Crop | C5: Cultiu | D5: Cultivo | E5: Культура
A6: activity | B6: Activity | C6: Activitat | D6: Actividad | E6: Работа
A7: product | B7: Product | C7: Producte | D7: Producto | E7: Препарат
A8: area | B8: Area | C8: Superfície | D8: Superficie | E8: Площадь
A9: btn_ok | B9: ✅ Correct | C9: ✅ Correcte | D9: ✅ Correcto | E9: ✅ Верно
A10: btn_edit | B10: ✏️ Edit | C10: ✏️ Editar | D10: ✏️ Editar | E10: ✏️ Исправить
A11: btn_discard | B11: ❌ Discard | C11: ❌ Descartar | D11: ❌ Descartar | E11: ❌ Отменить
A12: ask_parcel | B12: Which parcel? | C12: Quina parcel·la? | D12: ¿Qué parcela? | E12: Какой участок?
... A37: start_example | B37: Try: “Today I watered parcel 2, 120 cubic metres.” | C37: Prova: «Avui he regat la parcel·la 2, 120 metres cúbics.» | D37: Prueba: «Hoy he regado la parcela 2, 120 metros cúbicos.» | E37: Например: «Сегодня полил второй участок, 120 кубометров».
